{
    "metadata": {
        "datetime": "2025-05-11T22_33_28.013Z",
        "problem": "tsp225",
        "solver": "GPU Parallel Genetic Solver",
        "n": 225,
        "executions": 50,
        "cutoff": 4.193330e+03,
        "hit_percent": 1.000000e+00,
        "machine": "WallE"
    },
    "best_solution": {
        "route": [ 11, 10, 9, 8, 7, 6, 5, 4, 3, 1, 200, 198, 197, 195, 46, 194, 218, 193, 196, 192, 191, 199, 133, 190, 205, 189, 27, 47, 225, 2, 59, 58, 56, 54, 53, 52, 55, 57, 51, 207, 49, 50, 224, 48, 45, 44, 43, 42, 41, 40, 39, 38, 37, 36, 33, 34, 35, 32, 31, 206, 202, 30, 77, 78, 97, 96, 99, 98, 217, 219, 216, 76, 75, 74, 72, 73, 100, 101, 102, 71, 70, 69, 68, 67, 66, 63, 62, 61, 60, 116, 223, 115, 114, 113, 119, 118, 117, 188, 187, 186, 185, 120, 175, 121, 184, 182, 181, 180, 179, 178, 177, 176, 174, 173, 172, 171, 122, 123, 170, 169, 168, 212, 214, 150, 151, 152, 149, 148, 153, 154, 155, 156, 157, 144, 146, 147, 145, 143, 201, 142, 141, 159, 140, 139, 138, 137, 136, 183, 163, 161, 160, 162, 158, 213, 135, 134, 215, 164, 165, 129, 132, 131, 211, 130, 222, 128, 127, 166, 167, 126, 125, 124, 110, 111, 112, 64, 65, 108, 109, 107, 106, 105, 220, 104, 103, 89, 88, 90, 91, 92, 87, 210, 84, 86, 85, 82, 83, 221, 94, 93, 209, 95, 80, 81, 79, 29, 28, 204, 26, 25, 208, 24, 13, 23, 22, 21, 20, 203, 19, 18, 17, 16, 15, 14, 12 ],
        "cost": 4.166302e+03,
        "idx": 10
    },
    "stats": {
        "cost": {
            "avg": 4.189222e+03,
            "stdev": 4.646075e+00,
            "min": 4.166302e+03,
            "max": 4.193236e+03
        },
        "seconds": {
            "avg": 1.008137e+01,
            "stdev": 1.641610e+00,
            "min": 7.385940e+00,
            "max": 1.737464e+01
        },
        "cycles": {
            "avg": 3.732313e+10,
            "stdev": 6.077550e+09,
            "min": 27344135816,
            "max": 64324201068
        },
        "iterations": {
            "avg": 1.864960e+03,
            "stdev": 3.096337e+02,
            "min": 1356,
            "max": 3244
        }
    },
    "raw_metrics": {
        "costs": [ 4.190186e+03, 4.192847e+03, 4.191687e+03, 4.184866e+03, 4.185841e+03, 4.191950e+03, 4.192767e+03, 4.190161e+03, 4.188790e+03, 4.188000e+03, 4.166302e+03, 4.184135e+03, 4.189317e+03, 4.190725e+03, 4.192969e+03, 4.186308e+03, 4.191897e+03, 4.192738e+03, 4.191175e+03, 4.186069e+03, 4.192150e+03, 4.188634e+03, 4.192334e+03, 4.186542e+03, 4.189213e+03, 4.190500e+03, 4.192949e+03, 4.189240e+03, 4.193146e+03, 4.191490e+03, 4.192848e+03, 4.185469e+03, 4.189147e+03, 4.191198e+03, 4.185606e+03, 4.179309e+03, 4.193103e+03, 4.188333e+03, 4.181612e+03, 4.192230e+03, 4.192528e+03, 4.184295e+03, 4.190727e+03, 4.192628e+03, 4.188961e+03, 4.189386e+03, 4.191489e+03, 4.193236e+03, 4.192991e+03, 4.191097e+03 ],
        "seconds": [ 7.385940e+00, 9.753932e+00, 9.307130e+00, 9.862912e+00, 8.162547e+00, 9.589276e+00, 9.593438e+00, 8.746604e+00, 1.737464e+01, 8.023474e+00, 9.925108e+00, 1.110929e+01, 9.646408e+00, 9.732769e+00, 1.049297e+01, 1.048935e+01, 1.292116e+01, 9.938609e+00, 8.218909e+00, 1.084308e+01, 1.004705e+01, 9.699528e+00, 9.841452e+00, 1.233727e+01, 9.998637e+00, 1.146558e+01, 9.385170e+00, 8.532868e+00, 9.789119e+00, 1.026468e+01, 9.614358e+00, 1.233250e+01, 8.981917e+00, 9.977181e+00, 9.798207e+00, 1.057546e+01, 9.015174e+00, 8.861297e+00, 8.215177e+00, 9.429817e+00, 1.176442e+01, 1.033605e+01, 1.232811e+01, 9.341112e+00, 1.028172e+01, 8.805813e+00, 9.871871e+00, 7.955754e+00, 1.265560e+01, 1.144817e+01 ],
        "cycles": [ 27344135816, 36110889168, 34456743504, 36514352812, 30219281778, 35501300694, 35516709672, 32381570046, 64324201068, 29704406885, 36744616595, 41128669482, 35712816480, 36032540366, 38846943362, 38833551724, 47836556370, 36794599629, 30427946502, 40143118470, 37196055895, 35909476057, 36434906524, 45674899540, 37016834773, 42447730083, 34745662652, 31590280440, 36241159596, 38001771610, 35594157456, 45657221096, 33252743190, 36937399315, 36274803047, 39152331712, 33375867586, 32806187060, 30414128868, 34910955958, 43554089921, 38266012521, 45640995700, 34582552872, 38064864220, 32600772816, 36547520132, 29453694226, 46853398258, 42383269934 ],
        "iterations": [ 1356, 1802, 1719, 1825, 1506, 1772, 1773, 1615, 3244, 1480, 1838, 2060, 1783, 1800, 1943, 1944, 2402, 1839, 1515, 2010, 1856, 1792, 1819, 2290, 1847, 2125, 1732, 1574, 1811, 1901, 1777, 2289, 1657, 1844, 1809, 1957, 1663, 1636, 1513, 1741, 2180, 1912, 2286, 1726, 1903, 1624, 1823, 1464, 2350, 2121 ]
    }
}
