{
    "metadata": {
        "datetime": "2025-05-11T22_19_34.883Z",
        "problem": "berlin52",
        "solver": "GPU Parallel Genetic Solver",
        "n": 52,
        "executions": 50,
        "cutoff": 7.843680e+03,
        "hit_percent": 8.200000e-01,
        "machine": "WallE"
    },
    "best_solution": {
        "route": [ 27, 28, 12, 25, 4, 6, 15, 5, 24, 48, 46, 37, 38, 40, 39, 36, 35, 34, 44, 16, 29, 50, 20, 23, 30, 42, 2, 7, 21, 17, 3, 18, 31, 22, 1, 49, 32, 45, 19, 41, 8, 9, 10, 43, 33, 51, 11, 52, 13, 14, 47, 26 ],
        "cost": 7.621701e+03,
        "idx": 4
    },
    "stats": {
        "cost": {
            "avg": 7.843268e+03,
            "stdev": 8.033661e+01,
            "min": 7.621701e+03,
            "max": 8.223637e+03
        },
        "seconds": {
            "avg": 4.709730e+01,
            "stdev": 8.663893e+01,
            "min": 1.058941e-01,
            "max": 2.208815e+02
        },
        "cycles": {
            "avg": 1.743631e+11,
            "stdev": 3.207536e+11,
            "min": 392037013,
            "max": 817745037922
        },
        "iterations": {
            "avg": 5.385060e+04,
            "stdev": 9.904131e+04,
            "min": 106,
            "max": 250000
        }
    },
    "raw_metrics": {
        "costs": [ 7.887226e+03, 7.841811e+03, 7.840756e+03, 7.813521e+03, 7.621701e+03, 7.820997e+03, 7.831798e+03, 7.819859e+03, 7.829884e+03, 7.829882e+03, 7.962147e+03, 7.813271e+03, 7.842688e+03, 7.816496e+03, 7.800294e+03, 7.838798e+03, 8.223637e+03, 7.841288e+03, 7.837611e+03, 7.832776e+03, 7.784526e+03, 7.806414e+03, 7.992458e+03, 7.887226e+03, 7.800482e+03, 7.887226e+03, 7.842688e+03, 7.824363e+03, 7.817427e+03, 7.992458e+03, 7.801287e+03, 7.842688e+03, 7.830159e+03, 7.824954e+03, 7.735798e+03, 7.836116e+03, 7.978197e+03, 7.822871e+03, 7.824012e+03, 7.820088e+03, 7.839180e+03, 7.838840e+03, 7.798217e+03, 7.809591e+03, 7.783238e+03, 7.838889e+03, 7.843265e+03, 7.827399e+03, 7.799695e+03, 7.887226e+03 ],
        "seconds": [ 2.199957e+02, 1.369323e-01, 1.822764e-01, 1.326012e-01, 1.715166e-01, 1.143361e-01, 1.079265e-01, 1.651874e-01, 1.400632e-01, 1.415316e+00, 2.188429e+02, 1.213701e-01, 5.656832e+00, 1.062306e-01, 1.868614e-01, 1.191061e-01, 2.208815e+02, 1.590095e-01, 1.388386e-01, 1.945512e-01, 1.439186e-01, 1.329658e-01, 2.191681e+02, 2.183324e+02, 1.533878e-01, 2.174137e+02, 1.210184e+01, 1.277813e-01, 1.687764e-01, 2.178423e+02, 1.162163e-01, 5.944156e-01, 1.184589e-01, 1.641756e-01, 1.647766e+02, 1.269889e-01, 2.194521e+02, 7.367539e+01, 1.298336e-01, 1.722747e-01, 1.200022e-01, 1.661167e-01, 1.872272e-01, 1.058941e-01, 1.221289e+02, 1.461576e-01, 1.293319e-01, 2.006281e-01, 1.433434e-01, 2.176566e+02 ],
        "cycles": [ 814465621055, 506943978, 674820167, 490912293, 634981829, 423289018, 399559092, 611551778, 518535632, 5239763256, 810197528380, 449330536, 20942652988, 393283762, 691792442, 440950216, 817745037922, 588681278, 514001664, 720260692, 532812351, 492260891, 811401576228, 808307450870, 567865501, 804906447479, 44803267134, 473068452, 624839590, 806493220424, 430248954, 2200633544, 438553386, 607804094, 610034134110, 470133946, 812452877682, 272760165250, 480666126, 637790496, 444266712, 614993190, 693148242, 392037013, 452144080095, 541100148, 478809300, 742759683, 530679115, 805805813039 ],
        "iterations": [ 250000, 141, 191, 135, 178, 116, 108, 172, 144, 1594, 250000, 120, 6389, 106, 193, 121, 250000, 163, 142, 204, 146, 135, 250000, 250000, 154, 250000, 13879, 131, 175, 250000, 112, 668, 121, 171, 189682, 130, 250000, 84789, 131, 172, 120, 168, 195, 106, 140494, 150, 127, 209, 148, 250000 ]
    }
}
