{
    "metadata": {
        "datetime": "2025-05-11T22_20_49.825Z",
        "problem": "kroB100",
        "solver": "GPU Parallel Genetic Solver",
        "n": 100,
        "executions": 50,
        "cutoff": 2.324805e+04,
        "hit_percent": 1.000000e+00,
        "machine": "WallE"
    },
    "best_solution": {
        "route": [ 40, 39, 70, 53, 73, 85, 93, 11, 3, 28, 91, 97, 99, 8, 29, 76, 59, 32, 98, 95, 1, 90, 21, 10, 68, 86, 49, 80, 20, 38, 46, 25, 9, 12, 71, 35, 61, 27, 34, 57, 94, 74, 60, 87, 66, 4, 83, 6, 15, 33, 82, 51, 48, 31, 63, 13, 78, 17, 41, 44, 19, 92, 96, 36, 45, 18, 24, 50, 43, 89, 14, 64, 42, 2, 16, 77, 55, 22, 23, 88, 54, 52, 7, 84, 58, 72, 37, 65, 47, 81, 79, 75, 30, 69, 26, 100, 56, 62, 5, 67 ],
        "cost": 2.305469e+04,
        "idx": 22
    },
    "stats": {
        "cost": {
            "avg": 2.320376e+04,
            "stdev": 4.405381e+01,
            "min": 2.305469e+04,
            "max": 2.324796e+04
        },
        "seconds": {
            "avg": 1.322515e+00,
            "stdev": 1.592550e+00,
            "min": 7.771100e-01,
            "max": 1.188688e+01
        },
        "cycles": {
            "avg": 4.896196e+09,
            "stdev": 5.895920e+09,
            "min": 2877004070,
            "max": 44007482028
        },
        "iterations": {
            "avg": 6.452800e+02,
            "stdev": 8.058629e+02,
            "min": 372,
            "max": 5993
        }
    },
    "raw_metrics": {
        "costs": [ 2.318797e+04, 2.323235e+04, 2.318622e+04, 2.311268e+04, 2.323991e+04, 2.321561e+04, 2.319954e+04, 2.320397e+04, 2.316125e+04, 2.324013e+04, 2.321594e+04, 2.308851e+04, 2.323504e+04, 2.308295e+04, 2.323796e+04, 2.324741e+04, 2.322941e+04, 2.318944e+04, 2.320429e+04, 2.322810e+04, 2.316969e+04, 2.322559e+04, 2.305469e+04, 2.324579e+04, 2.324202e+04, 2.323774e+04, 2.321861e+04, 2.321687e+04, 2.315691e+04, 2.318213e+04, 2.317419e+04, 2.315992e+04, 2.322080e+04, 2.324178e+04, 2.322074e+04, 2.324155e+04, 2.315967e+04, 2.322596e+04, 2.321429e+04, 2.321547e+04, 2.323240e+04, 2.323366e+04, 2.319628e+04, 2.322615e+04, 2.324514e+04, 2.324796e+04, 2.321321e+04, 2.323281e+04, 2.319016e+04, 2.320694e+04 ],
        "seconds": [ 9.255996e-01, 1.000160e+00, 8.809739e-01, 1.255852e+00, 9.493497e-01, 8.669236e-01, 1.000089e+00, 8.760750e-01, 1.035441e+00, 8.582189e-01, 9.572790e-01, 9.962624e-01, 8.969337e-01, 1.225404e+00, 1.377441e+00, 9.120995e-01, 1.114321e+00, 9.982408e-01, 7.997004e-01, 8.771182e-01, 1.043503e+00, 9.967800e-01, 2.315493e+00, 1.007198e+00, 9.176417e-01, 1.154876e+00, 9.573432e-01, 9.326709e-01, 2.769275e+00, 9.073195e-01, 8.370079e-01, 1.188688e+01, 1.166894e+00, 9.576162e-01, 8.670845e-01, 1.001932e+00, 9.051023e-01, 9.310200e-01, 8.300179e-01, 8.781007e-01, 3.290069e+00, 1.059552e+00, 7.771100e-01, 1.044608e+00, 1.032581e+00, 1.282006e+00, 1.104940e+00, 1.244350e+00, 1.036182e+00, 1.187099e+00 ],
        "cycles": [ 3426741068, 3702778926, 3261529899, 4649398152, 3514668784, 3209512109, 3702512280, 3243391944, 3833396946, 3177285832, 3544024534, 3688349394, 3320614776, 4536674095, 5099542471, 3376761636, 4125423695, 3695673587, 2960639794, 3247254388, 3863242758, 3690264732, 8572387429, 3728834859, 3397280612, 4275564616, 3544262952, 3452918562, 10252372579, 3359065452, 3098758140, 44007482028, 4320059551, 3545273363, 3210107468, 3709338374, 3350856988, 3446809490, 3072879915, 3250892456, 12180453351, 3922658898, 2877004070, 3867329549, 3822809073, 4746221136, 4090692310, 4606814394, 3836139658, 4394860894 ],
        "iterations": [ 445, 484, 420, 608, 455, 417, 482, 423, 501, 412, 462, 481, 432, 592, 670, 438, 538, 481, 384, 421, 503, 479, 1145, 484, 441, 559, 460, 450, 1372, 436, 401, 5993, 566, 461, 415, 484, 435, 447, 398, 423, 1641, 511, 372, 505, 500, 624, 532, 604, 501, 576 ]
    }
}
