{
    "metadata": {
        "datetime": "2025-05-11T22_24_17.022Z",
        "problem": "lin105",
        "solver": "GPU Parallel Genetic Solver",
        "n": 105,
        "executions": 50,
        "cutoff": 1.509795e+04,
        "hit_percent": 1.000000e+00,
        "machine": "WallE"
    },
    "best_solution": {
        "route": [ 88, 94, 95, 100, 99, 98, 93, 101, 102, 97, 96, 92, 91, 85, 84, 83, 82, 78, 71, 68, 67, 64, 73, 76, 80, 72, 77, 79, 86, 89, 90, 81, 75, 74, 69, 70, 63, 62, 105, 59, 56, 55, 50, 48, 45, 49, 40, 104, 44, 47, 51, 54, 57, 53, 58, 52, 46, 43, 41, 42, 37, 36, 33, 32, 31, 30, 28, 23, 20, 103, 29, 22, 21, 15, 11, 10, 7, 6, 2, 1, 3, 12, 19, 24, 27, 26, 25, 18, 16, 17, 8, 9, 5, 4, 13, 14, 34, 35, 38, 39, 61, 60, 65, 66, 87 ],
        "cost": 1.473631e+04,
        "idx": 22
    },
    "stats": {
        "cost": {
            "avg": 1.505722e+04,
            "stdev": 5.779966e+01,
            "min": 1.473631e+04,
            "max": 1.509660e+04
        },
        "seconds": {
            "avg": 3.850168e+00,
            "stdev": 1.204883e+01,
            "min": 7.943183e-01,
            "max": 7.566312e+01
        },
        "cycles": {
            "avg": 1.425405e+10,
            "stdev": 4.460702e+10,
            "min": 2940713287,
            "max": 280119098816
        },
        "iterations": {
            "avg": 1.799420e+03,
            "stdev": 5.705084e+03,
            "min": 356,
            "max": 35785
        }
    },
    "raw_metrics": {
        "costs": [ 1.506630e+04, 1.508953e+04, 1.504631e+04, 1.508435e+04, 1.507962e+04, 1.503280e+04, 1.506137e+04, 1.505528e+04, 1.504324e+04, 1.506892e+04, 1.508747e+04, 1.504713e+04, 1.507845e+04, 1.506996e+04, 1.494970e+04, 1.497498e+04, 1.507602e+04, 1.507806e+04, 1.509274e+04, 1.509660e+04, 1.509447e+04, 1.496595e+04, 1.473631e+04, 1.507249e+04, 1.507099e+04, 1.506970e+04, 1.507214e+04, 1.505054e+04, 1.507415e+04, 1.507827e+04, 1.509553e+04, 1.509227e+04, 1.502192e+04, 1.505408e+04, 1.509512e+04, 1.505107e+04, 1.509634e+04, 1.509430e+04, 1.507307e+04, 1.508033e+04, 1.509531e+04, 1.506161e+04, 1.504356e+04, 1.507410e+04, 1.507837e+04, 1.509585e+04, 1.496927e+04, 1.505292e+04, 1.508869e+04, 1.508353e+04 ],
        "seconds": [ 1.162428e+00, 1.067089e+00, 1.097910e+00, 9.643656e-01, 1.970125e+00, 1.408418e+00, 1.086219e+00, 1.296376e+00, 9.176744e-01, 9.951834e-01, 9.630461e-01, 1.837713e+00, 9.458861e-01, 7.132035e+00, 4.429063e+01, 1.329170e+00, 1.105351e+00, 8.786845e-01, 1.245924e+00, 1.449270e+00, 9.761414e-01, 2.031073e+00, 7.566312e+01, 1.200695e+00, 4.266289e+00, 1.062311e+00, 1.068354e+00, 1.131378e+00, 2.504702e+00, 8.456221e-01, 3.437335e+00, 9.363433e-01, 1.904605e+00, 1.106760e+00, 1.262960e+00, 1.124352e+00, 1.190024e+00, 1.224164e+00, 7.943183e-01, 1.103187e+00, 1.256170e+00, 1.057113e+00, 1.110460e+00, 1.169472e+00, 4.101812e+00, 1.490734e+00, 1.110569e+00, 1.045486e+00, 1.054618e+00, 1.134760e+00 ],
        "cycles": [ 4303524194, 3950561398, 4064667079, 3570261017, 7293770134, 5214227132, 4021384152, 4799424564, 3397401585, 3684354521, 3565376484, 6803556653, 3501846729, 26404133857, 163972249096, 4920834144, 4092216320, 3253053326, 4612640796, 5365467230, 3613857178, 7519411662, 280119098816, 4445196566, 15794600458, 3932871290, 3955244522, 4188571978, 9272874774, 3130650402, 12725659638, 3466517532, 7051203797, 4097432107, 4675712980, 4162561553, 4405688330, 4532085267, 2940713287, 4084201320, 4650576320, 3913628684, 4111128258, 4329603316, 15185678299, 5518973746, 4111532926, 3870584402, 3904392686, 4201092446 ],
        "iterations": [ 524, 483, 496, 435, 909, 641, 489, 588, 412, 449, 435, 845, 427, 3364, 20978, 604, 500, 395, 564, 660, 441, 933, 35785, 546, 1984, 480, 481, 513, 1158, 378, 1607, 420, 877, 502, 573, 506, 540, 555, 356, 499, 571, 477, 503, 529, 1919, 680, 502, 471, 476, 511 ]
    }
}
