{
    "metadata": {
        "datetime": "2025-05-14T08_30_23.134Z",
        "problem": "tsp225",
        "solver": "CPU Parallel Genetic Solver",
        "n": 225,
        "executions": 30,
        "cutoff": 4.193330e+03,
        "hit_percent": 1.000000e+00,
        "machine": "fedora"
    },
    "best_solution": {
        "route": [ 185, 184, 120, 175, 121, 122, 123, 124, 125, 109, 108, 107, 106, 105, 220, 104, 103, 89, 88, 126, 214, 212, 168, 169, 170, 171, 172, 182, 173, 181, 174, 180, 179, 176, 178, 177, 147, 146, 145, 157, 144, 143, 201, 142, 141, 159, 160, 161, 162, 163, 137, 140, 139, 138, 136, 183, 135, 158, 213, 134, 215, 164, 165, 166, 156, 155, 154, 153, 148, 149, 152, 150, 151, 167, 127, 128, 129, 132, 222, 130, 211, 131, 86, 85, 82, 83, 84, 210, 87, 90, 91, 92, 93, 94, 221, 81, 80, 95, 209, 96, 97, 78, 79, 28, 204, 26, 25, 34, 33, 35, 206, 202, 30, 29, 77, 217, 219, 216, 98, 99, 100, 101, 102, 71, 70, 72, 73, 74, 75, 76, 31, 32, 38, 39, 37, 36, 208, 24, 23, 13, 14, 15, 16, 17, 22, 21, 20, 203, 19, 18, 12, 11, 10, 40, 41, 9, 8, 7, 5, 4, 3, 1, 200, 198, 197, 6, 42, 43, 44, 46, 195, 194, 218, 193, 45, 48, 196, 192, 224, 199, 191, 205, 133, 190, 207, 49, 50, 51, 57, 56, 55, 52, 53, 54, 68, 69, 67, 66, 65, 110, 111, 112, 64, 63, 62, 61, 60, 58, 59, 2, 47, 225, 189, 27, 188, 187, 117, 116, 223, 114, 113, 115, 118, 119, 186 ],
        "cost": 4.172652e+03,
        "idx": 25
    },
    "stats": {
        "cost": {
            "avg": 4.188598e+03,
            "stdev": 5.041255e+00,
            "min": 4.172652e+03,
            "max": 4.193276e+03
        },
        "seconds": {
            "avg": 2.857553e+01,
            "stdev": 2.188816e+01,
            "min": 2.057119e+01,
            "max": 1.418751e+02
        },
        "cycles": {
            "avg": 6.274753e+10,
            "stdev": 4.806309e+10,
            "min": 45171119070,
            "max": 311536133590
        },
        "iterations": {
            "avg": 6.040667e+02,
            "stdev": 4.929362e+02,
            "min": 432,
            "max": 3158
        }
    },
    "raw_metrics": {
        "costs": [ 4.192796e+03, 4.183908e+03, 4.185039e+03, 4.185344e+03, 4.192272e+03, 4.192668e+03, 4.193276e+03, 4.192166e+03, 4.193159e+03, 4.191450e+03, 4.188042e+03, 4.177240e+03, 4.190554e+03, 4.186169e+03, 4.188168e+03, 4.189244e+03, 4.184330e+03, 4.193212e+03, 4.191531e+03, 4.192698e+03, 4.185213e+03, 4.188217e+03, 4.186460e+03, 4.193114e+03, 4.192622e+03, 4.172652e+03, 4.183149e+03, 4.187375e+03, 4.193042e+03, 4.192837e+03 ],
        "seconds": [ 2.269705e+01, 2.057119e+01, 2.394737e+01, 2.804287e+01, 2.112887e+01, 2.350913e+01, 2.350437e+01, 2.103183e+01, 2.259681e+01, 2.235620e+01, 2.361921e+01, 2.581447e+01, 2.486576e+01, 2.289737e+01, 2.185109e+01, 2.311606e+01, 2.101935e+01, 3.461400e+01, 2.575345e+01, 2.390361e+01, 4.290893e+01, 2.327908e+01, 2.955414e+01, 2.386502e+01, 2.278628e+01, 2.999179e+01, 2.166677e+01, 2.321577e+01, 2.128303e+01, 1.418751e+02 ],
        "cycles": [ 49839178928, 45171119070, 52584752572, 61577883004, 46395792080, 51622465554, 51612029766, 46182697132, 49619157962, 49090836014, 51864200366, 56684668084, 54601446042, 50279157258, 47981683530, 50759352490, 46155309618, 76007104646, 56550678910, 52488699560, 94221511494, 51117334400, 64896400954, 52403970960, 50035210302, 65857425942, 47576936902, 50978315542, 46734303022, 311536133590 ],
        "iterations": [ 477, 432, 498, 587, 439, 490, 488, 436, 469, 462, 490, 540, 516, 477, 455, 485, 437, 738, 537, 497, 920, 481, 626, 503, 475, 632, 449, 483, 445, 3158 ]
    }
}
