{
    "metadata": {
        "datetime": "2025-05-14T07_57_49.591Z",
        "problem": "kroB100",
        "solver": "CPU Parallel Genetic Solver",
        "n": 100,
        "executions": 30,
        "cutoff": 2.324805e+04,
        "hit_percent": 9.666666e-01,
        "machine": "fedora"
    },
    "best_solution": {
        "route": [ 38, 30, 75, 69, 49, 86, 68, 10, 21, 90, 46, 25, 9, 34, 7, 84, 58, 52, 54, 88, 23, 22, 55, 50, 77, 24, 18, 96, 92, 19, 44, 41, 17, 36, 45, 78, 13, 2, 16, 42, 14, 64, 82, 63, 31, 48, 51, 33, 15, 6, 4, 83, 89, 43, 87, 66, 74, 60, 57, 94, 27, 61, 35, 71, 12, 1, 95, 98, 32, 29, 59, 76, 99, 8, 97, 91, 28, 3, 11, 93, 85, 73, 53, 70, 39, 40, 67, 5, 62, 26, 100, 56, 81, 79, 47, 65, 37, 72, 80, 20 ],
        "cost": 2.296299e+04,
        "idx": 10
    },
    "stats": {
        "cost": {
            "avg": 2.319720e+04,
            "stdev": 1.138104e+02,
            "min": 2.296299e+04,
            "max": 2.369120e+04
        },
        "seconds": {
            "avg": 1.075129e+01,
            "stdev": 2.507612e+01,
            "min": 2.975679e+00,
            "max": 1.226322e+02
        },
        "cycles": {
            "avg": 2.360820e+10,
            "stdev": 5.506335e+10,
            "min": 6534138468,
            "max": 269281817200
        },
        "iterations": {
            "avg": 5.044000e+02,
            "stdev": 1.231752e+03,
            "min": 128,
            "max": 6000
        }
    },
    "raw_metrics": {
        "costs": [ 2.320992e+04, 2.313450e+04, 2.307848e+04, 2.320041e+04, 2.315918e+04, 2.314606e+04, 2.323965e+04, 2.324435e+04, 2.324038e+04, 2.319944e+04, 2.296299e+04, 2.322902e+04, 2.316257e+04, 2.321646e+04, 2.320890e+04, 2.315183e+04, 2.320373e+04, 2.324510e+04, 2.324201e+04, 2.322465e+04, 2.315720e+04, 2.310162e+04, 2.318962e+04, 2.324005e+04, 2.306089e+04, 2.324658e+04, 2.319086e+04, 2.312764e+04, 2.369120e+04, 2.321085e+04 ],
        "seconds": [ 5.289172e+00, 4.299765e+00, 4.565496e+00, 5.783101e+00, 4.846477e+00, 3.777485e+00, 3.030049e+00, 4.014322e+00, 7.786415e+00, 4.104432e+00, 4.564019e+00, 4.111027e+00, 4.240525e+00, 3.831681e+00, 7.817405e+01, 4.716852e+00, 5.532740e+00, 3.788054e+00, 4.699791e+00, 4.741577e+00, 4.010550e+00, 3.884678e+00, 3.601240e+00, 2.975679e+00, 3.246494e+00, 4.164219e+00, 4.158265e+00, 4.091483e+00, 1.226322e+02, 3.876955e+00 ],
        "cycles": [ 11614201060, 9441614578, 10025119698, 12698792700, 10642111414, 8294770066, 6653516034, 8814826548, 17097757732, 9012695252, 10021875842, 9027174772, 9311534958, 8413774292, 171658338676, 10357489186, 12149055600, 8317989196, 10320025848, 10411783030, 8806556330, 8530162388, 7907774380, 6534138468, 7128806036, 9143990372, 9130916014, 8984273364, 269281817200, 8513201884 ],
        "iterations": [ 232, 190, 198, 258, 212, 162, 130, 174, 356, 179, 199, 179, 186, 166, 3817, 206, 242, 165, 204, 207, 174, 169, 157, 128, 138, 182, 178, 177, 6000, 167 ]
    }
}
