{
    "metadata": {
        "datetime": "2025-05-13T21_29_09.319Z",
        "problem": "lin105",
        "solver": "CPU Sequential Genetic Solver",
        "n": 105,
        "executions": 30,
        "cutoff": 1.509795e+04,
        "hit_percent": 7.000000e-01,
        "machine": "fedora"
    },
    "best_solution": {
        "route": [ 62, 105, 59, 56, 55, 50, 49, 40, 104, 45, 48, 44, 47, 51, 54, 57, 58, 53, 52, 46, 43, 41, 42, 37, 36, 26, 25, 18, 17, 16, 19, 24, 27, 33, 32, 31, 30, 28, 23, 20, 103, 29, 22, 21, 15, 11, 10, 7, 6, 2, 1, 3, 12, 8, 9, 5, 4, 13, 14, 34, 35, 38, 39, 60, 61, 65, 66, 87, 88, 94, 95, 100, 99, 98, 90, 89, 93, 102, 101, 97, 96, 92, 91, 85, 83, 82, 78, 84, 86, 80, 81, 75, 74, 70, 69, 73, 76, 79, 77, 72, 71, 68, 67, 64, 63 ],
        "cost": 1.490420e+04,
        "idx": 20
    },
    "stats": {
        "cost": {
            "avg": 1.511900e+04,
            "stdev": 1.206582e+02,
            "min": 1.490420e+04,
            "max": 1.544723e+04
        },
        "seconds": {
            "avg": 2.805182e+01,
            "stdev": 3.197164e+01,
            "min": 3.261042e-01,
            "max": 7.279830e+01
        },
        "cycles": {
            "avg": 6.159746e+10,
            "stdev": 7.020478e+10,
            "min": 716074920,
            "max": 159853676334
        },
        "iterations": {
            "avg": 3.081257e+04,
            "stdev": 3.517225e+04,
            "min": 329,
            "max": 80000
        }
    },
    "raw_metrics": {
        "costs": [ 1.506015e+04, 1.507783e+04, 1.508425e+04, 1.509116e+04, 1.508439e+04, 1.502490e+04, 1.506488e+04, 1.506938e+04, 1.508621e+04, 1.531388e+04, 1.507931e+04, 1.529550e+04, 1.526465e+04, 1.517335e+04, 1.507159e+04, 1.507559e+04, 1.509444e+04, 1.506925e+04, 1.504576e+04, 1.535028e+04, 1.490420e+04, 1.531605e+04, 1.494216e+04, 1.544723e+04, 1.509284e+04, 1.510863e+04, 1.502811e+04, 1.509585e+04, 1.505847e+04, 1.509973e+04 ],
        "seconds": [ 9.256925e-01, 6.309617e-01, 6.700086e-01, 4.037386e-01, 4.580392e-01, 4.727433e-01, 4.345401e+00, 4.857552e-01, 3.261042e-01, 7.273169e+01, 2.956320e+01, 7.271510e+01, 7.271809e+01, 7.279571e+01, 9.165232e-01, 5.739193e-01, 6.033955e+00, 9.684906e+00, 1.612634e+01, 7.269912e+01, 2.306844e+00, 7.274680e+01, 4.895258e+01, 7.279830e+01, 3.563227e+01, 7.277681e+01, 2.568850e+01, 2.274475e+00, 3.741436e-01, 7.272682e+01 ],
        "cycles": [ 2032681750, 1385496552, 1471237636, 886548300, 1005784670, 1038070902, 9541853222, 1066643622, 716074920, 159707979530, 64916293199, 159671300316, 159677875236, 159848313878, 2012542290, 1260235679, 13249646300, 21266568158, 35410949508, 159636043292, 5065470608, 159740740896, 107492308484, 159853676334, 78242779692, 159806274716, 56407857814, 4994383086, 821557968, 159696523734 ],
        "iterations": [ 986, 660, 701, 412, 474, 493, 4727, 497, 329, 80000, 32371, 80000, 80000, 80000, 969, 597, 6598, 10594, 17665, 80000, 2490, 80000, 53649, 80000, 39089, 80000, 28234, 2461, 381, 80000 ]
    }
}
