{
    "metadata": {
        "datetime": "2025-05-14T08_16_05.867Z",
        "problem": "lin105",
        "solver": "CPU Parallel Genetic Solver",
        "n": 105,
        "executions": 30,
        "cutoff": 1.509795e+04,
        "hit_percent": 7.666667e-01,
        "machine": "fedora"
    },
    "best_solution": {
        "route": [ 71, 78, 82, 83, 84, 85, 91, 92, 96, 97, 101, 102, 93, 86, 80, 76, 73, 69, 62, 63, 70, 74, 75, 81, 89, 90, 98, 99, 100, 95, 94, 88, 87, 66, 65, 61, 60, 39, 38, 35, 34, 14, 13, 4, 5, 9, 8, 17, 16, 18, 25, 26, 27, 24, 19, 28, 23, 20, 12, 3, 1, 2, 6, 7, 10, 11, 15, 103, 21, 22, 29, 30, 31, 32, 33, 36, 37, 42, 41, 43, 46, 52, 53, 58, 57, 54, 51, 47, 44, 104, 40, 49, 45, 48, 50, 55, 59, 56, 105, 64, 72, 77, 79, 67, 68 ],
        "cost": 1.497028e+04,
        "idx": 28
    },
    "stats": {
        "cost": {
            "avg": 1.510246e+04,
            "stdev": 1.012826e+02,
            "min": 1.497028e+04,
            "max": 1.538178e+04
        },
        "seconds": {
            "avg": 3.654250e+01,
            "stdev": 5.316446e+01,
            "min": 3.429284e+00,
            "max": 1.286193e+02
        },
        "cycles": {
            "avg": 8.024169e+10,
            "stdev": 1.167409e+11,
            "min": 7530170076,
            "max": 282428133372
        },
        "iterations": {
            "avg": 1.695933e+03,
            "stdev": 2.501110e+03,
            "min": 143,
            "max": 6000
        }
    },
    "raw_metrics": {
        "costs": [ 1.501354e+04, 1.509383e+04, 1.502739e+04, 1.520577e+04, 1.511761e+04, 1.506029e+04, 1.532603e+04, 1.500813e+04, 1.508882e+04, 1.528348e+04, 1.506734e+04, 1.538178e+04, 1.509278e+04, 1.506409e+04, 1.508693e+04, 1.501320e+04, 1.506577e+04, 1.505755e+04, 1.505624e+04, 1.515156e+04, 1.507319e+04, 1.506766e+04, 1.508005e+04, 1.506206e+04, 1.505444e+04, 1.499967e+04, 1.509107e+04, 1.532072e+04, 1.497028e+04, 1.509241e+04 ],
        "seconds": [ 5.316790e+00, 4.936025e+00, 8.106734e+01, 1.277252e+02, 1.278072e+02, 4.280106e+00, 1.278884e+02, 3.981168e+00, 5.676468e+00, 1.280734e+02, 4.444087e+00, 1.286193e+02, 6.910285e+00, 4.090679e+00, 9.909290e+00, 5.864370e+00, 7.051928e+00, 7.254186e+00, 4.572434e+00, 1.279566e+02, 4.096989e+00, 1.002444e+01, 6.933266e+00, 3.934784e+00, 3.890104e+00, 4.449638e+00, 3.429284e+00, 1.281219e+02, 3.942685e+00, 4.026768e+00 ],
        "cycles": [ 11674856930, 10838745742, 178011343972, 280464902278, 280644880340, 9398452360, 280823308480, 8742030220, 12464649318, 281229441592, 9758531420, 282428133372, 15173921730, 8982499460, 21759276858, 12877254962, 15484949304, 15929059674, 10040349528, 280972653676, 8996347624, 22012104994, 15224369402, 8640170506, 8542060582, 9770709454, 7530170076, 281335827696, 8657518958, 8842153210 ],
        "iterations": [ 227, 206, 3789, 6000, 6000, 179, 6000, 165, 242, 6000, 184, 6000, 305, 168, 442, 252, 303, 316, 191, 6000, 170, 452, 299, 165, 162, 188, 143, 6000, 164, 166 ]
    }
}
