{
    "metadata": {
        "datetime": "2025-05-13T21_15_07.764Z",
        "problem": "kroB100",
        "solver": "CPU Sequential Genetic Solver",
        "n": 100,
        "executions": 30,
        "cutoff": 2.324805e+04,
        "hit_percent": 9.000000e-01,
        "machine": "fedora"
    },
    "best_solution": {
        "route": [ 44, 19, 92, 96, 18, 24, 55, 22, 23, 88, 54, 52, 58, 84, 7, 72, 37, 65, 47, 79, 81, 56, 100, 26, 75, 30, 80, 20, 38, 49, 86, 10, 68, 69, 62, 5, 67, 40, 39, 70, 53, 73, 85, 93, 11, 3, 28, 91, 97, 99, 8, 29, 76, 59, 32, 98, 95, 1, 21, 90, 12, 71, 27, 9, 46, 25, 34, 57, 94, 61, 35, 66, 87, 74, 60, 89, 43, 50, 77, 16, 2, 42, 14, 64, 82, 33, 83, 4, 6, 15, 51, 48, 31, 63, 13, 78, 45, 36, 17, 41 ],
        "cost": 2.289584e+04,
        "idx": 21
    },
    "stats": {
        "cost": {
            "avg": 2.320594e+04,
            "stdev": 1.329988e+02,
            "min": 2.289584e+04,
            "max": 2.362460e+04
        },
        "seconds": {
            "avg": 1.323000e+01,
            "stdev": 2.211923e+01,
            "min": 2.499000e-01,
            "max": 7.000507e+01
        },
        "cycles": {
            "avg": 2.905110e+10,
            "stdev": 4.857053e+10,
            "min": 548740720,
            "max": 153720741174
        },
        "iterations": {
            "avg": 1.511673e+04,
            "stdev": 2.531590e+04,
            "min": 260,
            "max": 80000
        }
    },
    "raw_metrics": {
        "costs": [ 2.322813e+04, 2.321042e+04, 2.317417e+04, 2.324621e+04, 2.324674e+04, 2.318349e+04, 2.323489e+04, 2.321911e+04, 2.317404e+04, 2.319017e+04, 2.314104e+04, 2.320960e+04, 2.306200e+04, 2.324730e+04, 2.322786e+04, 2.316104e+04, 2.298024e+04, 2.313903e+04, 2.334122e+04, 2.323376e+04, 2.318271e+04, 2.289584e+04, 2.351472e+04, 2.324437e+04, 2.323862e+04, 2.305207e+04, 2.312080e+04, 2.362460e+04, 2.322151e+04, 2.323251e+04 ],
        "seconds": [ 1.568768e+00, 7.353490e-01, 1.381191e+01, 2.511836e+00, 9.924140e+00, 1.943969e+01, 6.008236e-01, 4.684927e-01, 2.359565e+01, 2.499000e-01, 3.173302e-01, 1.425192e+00, 4.669072e-01, 4.302192e-01, 3.261545e+01, 2.152181e+00, 1.613857e+00, 4.804580e+01, 6.974490e+01, 1.900825e+00, 1.096041e+01, 2.035146e+00, 6.992544e+01, 2.206180e+00, 3.008039e-01, 3.987696e+00, 3.951364e-01, 7.000507e+01, 4.356031e+00, 1.108906e+00 ],
        "cycles": [ 3444772760, 1614710130, 30328845470, 5515608428, 21791901010, 42686608800, 1319313644, 1028735400, 51812457224, 548740720, 696807364, 3129501716, 1025253394, 944693134, 71618585566, 4725865078, 3543785982, 105501381612, 153149347626, 4173924656, 24067436074, 4468875532, 153545881786, 4844440964, 660517396, 8756383834, 867658924, 153720741174, 9565195508, 2434989128 ],
        "iterations": [ 1770, 809, 15823, 2853, 11362, 22265, 655, 504, 27064, 260, 338, 1597, 499, 462, 37386, 2439, 1816, 54690, 80000, 2146, 12538, 2299, 80000, 2492, 313, 4531, 417, 80000, 4937, 1237 ]
    }
}
