{
    "metadata": {
        "datetime": "2025-05-13T21_08_30.863Z",
        "problem": "berlin52",
        "solver": "CPU Sequential Genetic Solver",
        "n": 52,
        "executions": 30,
        "cutoff": 7.843680e+03,
        "hit_percent": 5.000000e-01,
        "machine": "fedora"
    },
    "best_solution": {
        "route": [ 17, 3, 45, 19, 41, 8, 9, 10, 43, 33, 51, 11, 52, 14, 13, 47, 26, 27, 28, 12, 25, 4, 6, 15, 5, 24, 48, 38, 37, 40, 39, 34, 35, 36, 49, 32, 22, 1, 44, 46, 16, 29, 50, 20, 23, 30, 2, 7, 42, 21, 31, 18 ],
        "cost": 7.746858e+03,
        "idx": 18
    },
    "stats": {
        "cost": {
            "avg": 7.892282e+03,
            "stdev": 1.055097e+02,
            "min": 7.746858e+03,
            "max": 8.242741e+03
        },
        "seconds": {
            "avg": 2.494667e+01,
            "stdev": 2.217416e+01,
            "min": 7.440889e-02,
            "max": 4.748952e+01
        },
        "cycles": {
            "avg": 5.477914e+10,
            "stdev": 4.869113e+10,
            "min": 163387136,
            "max": 104279892134
        },
        "iterations": {
            "avg": 4.332457e+04,
            "stdev": 3.850365e+04,
            "min": 107,
            "max": 80000
        }
    },
    "raw_metrics": {
        "costs": [ 7.835746e+03, 7.914286e+03, 7.849395e+03, 7.910582e+03, 7.979823e+03, 8.242741e+03, 7.993121e+03, 7.959424e+03, 7.985131e+03, 7.978197e+03, 7.954627e+03, 7.833932e+03, 7.766162e+03, 7.817628e+03, 7.835503e+03, 7.969939e+03, 7.817899e+03, 7.788503e+03, 7.746858e+03, 7.841058e+03, 7.978198e+03, 7.930794e+03, 8.012408e+03, 7.837429e+03, 7.979824e+03, 7.772812e+03, 7.802205e+03, 7.828627e+03, 7.777333e+03, 7.828271e+03 ],
        "seconds": [ 1.069001e-01, 4.666594e+01, 4.591683e+01, 4.601924e+01, 4.748952e+01, 4.595334e+01, 4.682864e+01, 4.578781e+01, 4.578543e+01, 4.578673e+01, 4.583387e+01, 1.405886e-01, 1.171773e+00, 1.005219e-01, 7.440889e-02, 4.584444e+01, 1.091794e-01, 2.940241e+01, 8.844627e+00, 2.744162e-01, 4.578675e+01, 4.581618e+01, 4.583865e+01, 8.246671e-02, 4.576573e+01, 7.952186e-02, 7.947424e-02, 5.989644e+00, 7.321626e-01, 1.009296e+01 ],
        "cycles": [ 234737184, 102471449013, 100826717992, 101051742440, 104279892134, 100906650284, 102828666556, 100543149014, 100537900474, 100540752620, 100644272212, 308708488, 2573034640, 220729212, 163387136, 100667486194, 239739962, 64563257704, 19421467472, 602574940, 100540773410, 100605243046, 100654593930, 181082352, 100494497466, 174615298, 174509874, 13152345492, 1607714482, 22162591308 ],
        "iterations": [ 119, 80000, 80000, 80000, 80000, 80000, 80000, 80000, 80000, 80000, 80000, 224, 2021, 152, 107, 80000, 172, 51391, 15430, 460, 80000, 80000, 80000, 125, 80000, 123, 120, 10425, 1259, 17609 ]
    }
}
