{
    "metadata": {
        "datetime": "2025-05-14T07_52_27.052Z",
        "problem": "berlin52",
        "solver": "CPU Parallel Genetic Solver",
        "n": 52,
        "executions": 30,
        "cutoff": 7.843680e+03,
        "hit_percent": 6.000000e-01,
        "machine": "fedora"
    },
    "best_solution": {
        "route": [ 49, 32, 45, 19, 41, 8, 9, 10, 43, 33, 51, 11, 52, 14, 13, 47, 26, 27, 28, 12, 25, 4, 48, 24, 6, 15, 5, 38, 37, 39, 40, 34, 35, 36, 44, 46, 16, 29, 50, 20, 23, 30, 42, 2, 7, 21, 17, 3, 18, 31, 22, 1 ],
        "cost": 7.756733e+03,
        "idx": 29
    },
    "stats": {
        "cost": {
            "avg": 7.866404e+03,
            "stdev": 7.454217e+01,
            "min": 7.756733e+03,
            "max": 8.067793e+03
        },
        "seconds": {
            "avg": 2.810104e+01,
            "stdev": 3.390523e+01,
            "min": 6.027828e-01,
            "max": 7.777118e+01
        },
        "cycles": {
            "avg": 6.170568e+10,
            "stdev": 7.445081e+10,
            "min": 1323624170,
            "max": 170773920504
        },
        "iterations": {
            "avg": 2.448333e+03,
            "stdev": 2.949639e+03,
            "min": 49,
            "max": 6000
        }
    },
    "raw_metrics": {
        "costs": [ 7.825154e+03, 8.067793e+03, 7.806230e+03, 7.841194e+03, 7.821417e+03, 7.824846e+03, 7.887226e+03, 7.830665e+03, 7.801455e+03, 7.823862e+03, 7.797788e+03, 7.974615e+03, 7.937466e+03, 7.836878e+03, 7.974616e+03, 7.819229e+03, 7.865301e+03, 7.803230e+03, 7.814317e+03, 7.839390e+03, 7.805371e+03, 7.992458e+03, 7.865301e+03, 7.812115e+03, 7.954068e+03, 7.954626e+03, 7.865302e+03, 7.835409e+03, 7.958076e+03, 7.756733e+03 ],
        "seconds": [ 6.027828e-01, 5.867618e+01, 9.590568e-01, 9.468649e-01, 8.067403e-01, 9.147685e-01, 7.777118e+01, 1.424775e+00, 8.151681e-01, 2.382321e+00, 7.446505e-01, 5.977996e+01, 7.128949e+01, 9.300683e-01, 6.907737e+01, 9.764514e-01, 7.201526e+01, 9.433705e-01, 7.758549e-01, 1.210063e+00, 6.824032e-01, 6.893642e+01, 7.211105e+01, 7.155377e-01, 7.062205e+01, 6.823223e+01, 6.824617e+01, 1.416284e+00, 6.817993e+01, 8.467327e-01 ],
        "cycles": [ 1323624170, 128844175460, 2105943466, 2079172282, 1771479512, 2008693434, 170773920504, 3128589948, 1789985494, 5231219488, 1635139330, 131267860328, 156541071016, 2042288512, 151683587704, 2144139624, 158134772092, 2071499848, 1703660266, 2657116682, 1498454122, 151374130732, 158345135146, 1571212324, 155075510040, 149827749654, 149858318478, 3109942880, 149712595186, 1859291632 ],
        "iterations": [ 51, 6000, 88, 87, 73, 83, 6000, 118, 67, 211, 63, 6000, 6000, 67, 6000, 70, 6000, 67, 55, 88, 49, 6000, 6000, 50, 6000, 6000, 6000, 103, 6000, 60 ]
    }
}
