{
    "metadata": {
        "datetime": "2025-06-10T14_06_04.209Z",
        "problem": "berlin52",
        "solver": "CPU Parallel Genetic Solver",
        "n": 52,
        "executions": 5,
        "cutoff": 8.000000e+03,
        "parallelism": 4,
        "hit_percent": 1.000000e+00,
        "machine": "hp"
    },
    "best_solution": {
        "route": [ 12, 28, 27, 26, 47, 13, 14, 52, 11, 51, 33, 43, 10, 9, 8, 41, 19, 45, 3, 17, 21, 42, 7, 2, 30, 29, 16, 50, 20, 23, 31, 18, 22, 1, 32, 49, 4, 6, 15, 5, 24, 48, 38, 37, 40, 39, 36, 35, 34, 44, 46, 25 ],
        "cost": 7.942037e+03,
        "idx": 3
    },
    "stats": {
        "cost": {
            "avg": 7.968491e+03,
            "stdev": 2.220238e+01,
            "min": 7.942037e+03,
            "max": 7.995527e+03
        },
        "seconds": {
            "avg": 3.947143e-01,
            "stdev": 7.246267e-02,
            "min": 3.239615e-01,
            "max": 5.165689e-01
        },
        "cycles": {
            "avg": 9.057437e+08,
            "stdev": 1.662791e+08,
            "min": 743388214,
            "max": 1185361827
        },
        "iterations": {
            "avg": 8.240000e+01,
            "stdev": 1.556599e+01,
            "min": 68,
            "max": 109
        }
    },
    "raw_metrics": {
        "costs": [ 7.995527e+03, 7.980908e+03, 7.974285e+03, 7.942037e+03, 7.949695e+03 ],
        "seconds": [ 3.910205e-01, 3.239615e-01, 5.165689e-01, 3.686175e-01, 3.734029e-01 ],
        "cycles": [ 897267506, 743388214, 1185361827, 845859773, 856841000 ],
        "iterations": [ 80, 68, 109, 78, 77 ]
    }
}
