{
    "metadata": {
        "datetime": "2025-05-13T12_42_54.585Z",
        "problem": "kroB100",
        "solver": "GPU Parallel Genetic Solver",
        "n": 100,
        "executions": 30,
        "cutoff": 0.000000e+00,
        "hit_percent": 0.000000e+00,
        "machine": "WallE"
    },
    "best_solution": {
        "route": [ 14, 42, 2, 16, 50, 43, 89, 87, 66, 74, 60, 57, 94, 35, 61, 27, 71, 12, 1, 95, 98, 32, 59, 76, 29, 8, 99, 97, 91, 28, 3, 11, 93, 85, 73, 53, 70, 39, 40, 67, 5, 62, 69, 26, 100, 56, 81, 79, 47, 65, 37, 72, 38, 20, 80, 75, 30, 49, 86, 68, 10, 21, 90, 46, 25, 9, 34, 7, 84, 58, 52, 54, 88, 23, 22, 55, 77, 24, 18, 45, 36, 96, 92, 19, 44, 41, 17, 78, 13, 63, 31, 48, 51, 82, 33, 15, 6, 4, 83, 64 ],
        "cost": 2.213907e+04,
        "idx": 7
    },
    "stats": {
        "cost": {
            "avg": 2.253832e+04,
            "stdev": 2.584215e+02,
            "min": 2.213907e+04,
            "max": 2.299171e+04
        },
        "seconds": {
            "avg": 1.995196e+01,
            "stdev": 3.673166e-02,
            "min": 1.989343e+01,
            "max": 2.004796e+01
        },
        "cycles": {
            "avg": 7.386590e+10,
            "stdev": 1.359872e+08,
            "min": 73649221244,
            "max": 74221333634
        },
        "iterations": {
            "avg": 1.000000e+04,
            "stdev": 0.000000e+00,
            "min": 10000,
            "max": 10000
        }
    },
    "raw_metrics": {
        "costs": [ 2.262300e+04, 2.236300e+04, 2.223920e+04, 2.277372e+04, 2.299171e+04, 2.243523e+04, 2.236318e+04, 2.213907e+04, 2.219732e+04, 2.268093e+04, 2.243524e+04, 2.222971e+04, 2.278428e+04, 2.264479e+04, 2.291071e+04, 2.219733e+04, 2.263315e+04, 2.271605e+04, 2.293091e+04, 2.224483e+04, 2.267934e+04, 2.271582e+04, 2.244016e+04, 2.293091e+04, 2.229708e+04, 2.271766e+04, 2.219132e+04, 2.239841e+04, 2.248539e+04, 2.276015e+04 ],
        "seconds": [ 1.996039e+01, 1.992849e+01, 1.993898e+01, 1.999248e+01, 1.989343e+01, 2.000084e+01, 1.991016e+01, 1.990434e+01, 1.992605e+01, 1.991903e+01, 1.996120e+01, 1.997824e+01, 1.995028e+01, 1.992950e+01, 1.999155e+01, 1.999797e+01, 2.000202e+01, 1.993164e+01, 1.992833e+01, 1.995193e+01, 2.004796e+01, 1.994295e+01, 1.991305e+01, 1.992450e+01, 1.998138e+01, 1.994822e+01, 1.991284e+01, 1.992481e+01, 1.998032e+01, 1.998584e+01 ],
        "cycles": [ 73897114633, 73779019439, 73817870332, 74015915416, 73649221244, 74046890990, 73711169662, 73689613948, 73770003508, 73744013940, 73900117454, 73963189508, 73859704738, 73782744276, 74012471100, 74036238475, 74051225174, 73790676033, 73778427578, 73865782466, 74221333634, 73832562276, 73721844054, 73764243812, 73974845024, 73852048380, 73721074542, 73765387857, 73970894449, 73991341834 ],
        "iterations": [ 10000, 10000, 10000, 10000, 10000, 10000, 10000, 10000, 10000, 10000, 10000, 10000, 10000, 10000, 10000, 10000, 10000, 10000, 10000, 10000, 10000, 10000, 10000, 10000, 10000, 10000, 10000, 10000, 10000, 10000 ]
    }
}
