{
    "metadata": {
        "datetime": "2025-06-10T14_06_50.393Z",
        "problem": "berlin52",
        "solver": "CPU Parallel Genetic Solver",
        "n": 52,
        "executions": 5,
        "cutoff": 8.000000e+03,
        "parallelism": 8,
        "hit_percent": 6.000000e-01,
        "machine": "hp"
    },
    "best_solution": {
        "route": [ 6, 15, 5, 24, 48, 38, 40, 39, 36, 49, 32, 1, 22, 31, 18, 3, 17, 21, 42, 7, 2, 30, 23, 20, 50, 29, 16, 44, 34, 35, 37, 46, 25, 12, 28, 27, 26, 47, 14, 13, 52, 11, 51, 33, 10, 9, 8, 41, 19, 45, 43, 4 ],
        "cost": 7.982390e+03,
        "idx": 4
    },
    "stats": {
        "cost": {
            "avg": 8.015098e+03,
            "stdev": 5.323644e+01,
            "min": 7.982390e+03,
            "max": 8.109389e+03
        },
        "seconds": {
            "avg": 7.668479e+00,
            "stdev": 8.650660e+00,
            "min": 1.101575e+00,
            "max": 1.734961e+01
        },
        "cycles": {
            "avg": 1.759676e+10,
            "stdev": 1.985055e+10,
            "min": 2527768985,
            "max": 39811927776
        },
        "iterations": {
            "avg": 4.402000e+02,
            "stdev": 5.111284e+02,
            "min": 52,
            "max": 1000
        }
    },
    "raw_metrics": {
        "costs": [ 7.988239e+03, 7.992651e+03, 8.109389e+03, 8.002822e+03, 7.982390e+03 ],
        "seconds": [ 1.604591e+00, 1.353376e+00, 1.693324e+01, 1.734961e+01, 1.101575e+00 ],
        "cycles": [ 3682032123, 3105570400, 38856480761, 39811927776, 2527768985 ],
        "iterations": [ 81, 68, 1000, 1000, 52 ]
    }
}
