{
    "metadata": {
        "datetime": "2025-05-13T13_23_33.844Z",
        "problem": "tsp225",
        "solver": "GPU Parallel Genetic Solver",
        "n": 225,
        "executions": 30,
        "cutoff": 0.000000e+00,
        "hit_percent": 0.000000e+00,
        "machine": "WallE"
    },
    "best_solution": {
        "route": [ 11, 12, 13, 14, 15, 16, 17, 18, 19, 203, 20, 21, 22, 23, 24, 208, 25, 26, 204, 28, 29, 30, 202, 206, 31, 32, 35, 33, 34, 36, 37, 38, 39, 40, 41, 42, 43, 44, 46, 45, 48, 224, 199, 133, 50, 52, 53, 54, 55, 56, 57, 51, 49, 207, 190, 225, 47, 2, 59, 58, 60, 61, 62, 116, 223, 115, 114, 113, 112, 64, 63, 65, 66, 67, 68, 69, 70, 71, 72, 73, 74, 75, 76, 216, 219, 217, 77, 79, 78, 97, 96, 98, 99, 100, 102, 101, 91, 92, 93, 94, 209, 95, 80, 81, 221, 82, 83, 84, 85, 86, 131, 132, 215, 164, 165, 128, 129, 222, 130, 211, 210, 87, 90, 88, 89, 103, 104, 220, 105, 106, 107, 108, 109, 110, 111, 121, 175, 122, 123, 124, 125, 126, 127, 166, 167, 214, 151, 152, 153, 154, 155, 156, 157, 159, 160, 161, 162, 163, 158, 213, 134, 135, 183, 136, 137, 138, 139, 140, 141, 142, 201, 143, 144, 145, 146, 147, 148, 149, 150, 212, 168, 169, 170, 171, 172, 173, 174, 176, 177, 178, 179, 180, 181, 182, 184, 120, 185, 186, 119, 118, 187, 117, 188, 27, 189, 205, 191, 192, 196, 193, 218, 194, 195, 197, 198, 200, 1, 3, 4, 5, 6, 7, 8, 9, 10 ],
        "cost": 3.959134e+03,
        "idx": 26
    },
    "stats": {
        "cost": {
            "avg": 4.064387e+03,
            "stdev": 4.516964e+01,
            "min": 3.959134e+03,
            "max": 4.133802e+03
        },
        "seconds": {
            "avg": 5.277992e+01,
            "stdev": 2.263118e-01,
            "min": 5.239063e+01,
            "max": 5.322363e+01
        },
        "cycles": {
            "avg": 1.970779e+11,
            "stdev": 1.182336e+09,
            "min": 195144768330,
            "max": 199038471077
        },
        "iterations": {
            "avg": 1.000000e+04,
            "stdev": 0.000000e+00,
            "min": 10000,
            "max": 10000
        }
    },
    "raw_metrics": {
        "costs": [ 4.036104e+03, 4.110193e+03, 4.126151e+03, 4.065023e+03, 4.092448e+03, 4.054894e+03, 4.064427e+03, 4.113431e+03, 4.098370e+03, 4.084423e+03, 4.010408e+03, 4.119786e+03, 4.129842e+03, 4.032885e+03, 4.043030e+03, 4.069388e+03, 4.019720e+03, 4.129735e+03, 4.050093e+03, 4.015956e+03, 4.040963e+03, 4.066454e+03, 4.059388e+03, 4.110454e+03, 4.040346e+03, 4.024003e+03, 3.959134e+03, 4.133802e+03, 4.042316e+03, 3.988443e+03 ],
        "seconds": [ 5.290690e+01, 5.307233e+01, 5.295756e+01, 5.290204e+01, 5.309901e+01, 5.309257e+01, 5.271066e+01, 5.293818e+01, 5.322363e+01, 5.290044e+01, 5.307289e+01, 5.288103e+01, 5.284904e+01, 5.297390e+01, 5.282071e+01, 5.294127e+01, 5.264074e+01, 5.242634e+01, 5.252328e+01, 5.239063e+01, 5.258621e+01, 5.267726e+01, 5.278489e+01, 5.266096e+01, 5.259141e+01, 5.265988e+01, 5.257384e+01, 5.249285e+01, 5.252516e+01, 5.252211e+01 ],
        "cycles": [ 195871287905, 196483742536, 196058873598, 195853303000, 196582530421, 196558674465, 195144768330, 195987116140, 197043898112, 195847377252, 196485820301, 195775534419, 195657090064, 196119348046, 195552198832, 196009327879, 198322263737, 197686442056, 198051978246, 197551815374, 198289293344, 198632626916, 199038471077, 198571149561, 198308911792, 198567073394, 198242655977, 197937255446, 198059080618, 198047581547 ],
        "iterations": [ 10000, 10000, 10000, 10000, 10000, 10000, 10000, 10000, 10000, 10000, 10000, 10000, 10000, 10000, 10000, 10000, 10000, 10000, 10000, 10000, 10000, 10000, 10000, 10000, 10000, 10000, 10000, 10000, 10000, 10000 ]
    }
}
