{
    "metadata": {
        "datetime": "2025-05-14T02_01_45.616Z",
        "problem": "berlin52",
        "solver": "CPU Parallel Genetic Solver",
        "n": 52,
        "executions": 2,
        "cutoff": 8.000000e+03,
        "hit_percent": 1.000000e+00,
        "machine": "hp"
    },
    "best_solution": {
        "route": [ 9, 8, 41, 19, 45, 32, 49, 1, 22, 31, 18, 3, 17, 21, 42, 7, 2, 30, 23, 20, 50, 29, 16, 46, 44, 34, 35, 36, 39, 40, 37, 38, 15, 43, 4, 6, 5, 24, 48, 25, 12, 28, 27, 26, 47, 13, 14, 52, 11, 51, 33, 10 ],
        "cost": 7.880011e+03,
        "idx": 0
    },
    "stats": {
        "cost": {
            "avg": 7.919150e+03,
            "stdev": 5.535010e+01,
            "min": 7.880011e+03,
            "max": 7.958288e+03
        },
        "seconds": {
            "avg": 3.746944e+00,
            "stdev": 7.520677e-02,
            "min": 3.693765e+00,
            "max": 3.800123e+00
        },
        "cycles": {
            "avg": 8.597957e+09,
            "stdev": 1.725737e+08,
            "min": 8475929114,
            "max": 8719985212
        },
        "iterations": {
            "avg": 8.100000e+01,
            "stdev": 8.485281e+00,
            "min": 75,
            "max": 87
        }
    },
    "raw_metrics": {
        "costs": [ 7.880011e+03, 7.958288e+03 ],
        "seconds": [ 3.693765e+00, 3.800123e+00 ],
        "cycles": [ 8475929114, 8719985212 ],
        "iterations": [ 87, 75 ]
    }
}
