{
    "metadata": {
        "datetime": "2025-05-14T02_01_28.821Z",
        "problem": "berlin52",
        "solver": "CPU Parallel Genetic Solver",
        "n": 52,
        "executions": 1,
        "cutoff": 8.000000e+03,
        "hit_percent": 1.000000e+00,
        "machine": "hp"
    },
    "best_solution": {
        "route": [ 4, 6, 5, 24, 48, 46, 16, 29, 30, 2, 7, 42, 21, 17, 3, 41, 8, 9, 10, 19, 45, 32, 49, 1, 22, 18, 31, 23, 20, 50, 44, 34, 35, 36, 39, 40, 37, 38, 15, 43, 33, 51, 11, 52, 14, 13, 47, 26, 27, 28, 12, 25 ],
        "cost": 7.993722e+03,
        "idx": 0
    },
    "stats": {
        "cost": {
            "avg": 7.993722e+03,
            "stdev": -nan,
            "min": 7.993722e+03,
            "max": 7.993722e+03
        },
        "seconds": {
            "avg": 5.589537e+00,
            "stdev": -nan,
            "min": 5.589537e+00,
            "max": 5.589537e+00
        },
        "cycles": {
            "avg": 1.282608e+10,
            "stdev": -nan,
            "min": 12826081923,
            "max": 12826081923
        },
        "iterations": {
            "avg": 1.330000e+02,
            "stdev": -nan,
            "min": 133,
            "max": 133
        }
    },
    "raw_metrics": {
        "costs": [ 7.993722e+03 ],
        "seconds": [ 5.589537e+00 ],
        "cycles": [ 12826081923 ],
        "iterations": [ 133 ]
    }
}
