{
    "metadata": {
        "datetime": "2025-05-14T02_07_49.393Z",
        "problem": "berlin52",
        "solver": "CPU Parallel Genetic Solver",
        "n": 52,
        "executions": 100,
        "cutoff": 8.000000e+03,
        "hit_percent": 1.000000e+00,
        "machine": "hp"
    },
    "best_solution": {
        "route": [ 8, 9, 10, 43, 33, 51, 11, 52, 13, 14, 47, 26, 27, 28, 12, 25, 4, 6, 48, 24, 5, 15, 38, 37, 40, 39, 36, 35, 34, 44, 46, 16, 29, 50, 20, 23, 30, 2, 7, 42, 21, 31, 22, 1, 49, 32, 18, 17, 3, 19, 45, 41 ],
        "cost": 7.832585e+03,
        "idx": 35
    },
    "stats": {
        "cost": {
            "avg": 7.966789e+03,
            "stdev": 3.181991e+01,
            "min": 7.832585e+03,
            "max": 7.999908e+03
        },
        "seconds": {
            "avg": 3.543954e+00,
            "stdev": 1.964011e+00,
            "min": 2.437795e+00,
            "max": 2.195284e+01
        },
        "cycles": {
            "avg": 8.132154e+09,
            "stdev": 4.506731e+09,
            "min": 5593902258,
            "max": 50374232663
        },
        "iterations": {
            "avg": 8.254000e+01,
            "stdev": 4.796914e+01,
            "min": 53,
            "max": 533
        }
    },
    "raw_metrics": {
        "costs": [ 7.988240e+03, 7.972318e+03, 7.961491e+03, 7.983798e+03, 7.986328e+03, 7.967359e+03, 7.993990e+03, 7.946528e+03, 7.871441e+03, 7.987469e+03, 7.976281e+03, 7.990989e+03, 7.970835e+03, 7.979290e+03, 7.985908e+03, 7.987221e+03, 7.884698e+03, 7.963856e+03, 7.915409e+03, 7.976573e+03, 7.919693e+03, 7.993402e+03, 7.998575e+03, 7.991016e+03, 7.966017e+03, 7.981805e+03, 7.995375e+03, 7.995658e+03, 7.984936e+03, 7.988153e+03, 7.962150e+03, 7.966521e+03, 7.922472e+03, 7.950680e+03, 7.986393e+03, 7.832585e+03, 7.974159e+03, 7.996693e+03, 7.994954e+03, 7.950554e+03, 7.962277e+03, 7.957928e+03, 7.995996e+03, 7.994625e+03, 7.993542e+03, 7.997146e+03, 7.916514e+03, 7.949187e+03, 7.964163e+03, 7.964211e+03, 7.978583e+03, 7.981225e+03, 7.981560e+03, 7.996468e+03, 7.984341e+03, 7.983052e+03, 7.940217e+03, 7.996282e+03, 7.977969e+03, 7.896566e+03, 7.944507e+03, 7.919816e+03, 7.932770e+03, 7.972369e+03, 7.976197e+03, 7.924928e+03, 7.970620e+03, 7.954612e+03, 7.985263e+03, 7.972873e+03, 7.907081e+03, 7.997871e+03, 7.974734e+03, 7.998373e+03, 7.945647e+03, 7.999837e+03, 7.995284e+03, 7.989862e+03, 7.948350e+03, 7.956723e+03, 7.978617e+03, 7.948593e+03, 7.986111e+03, 7.877745e+03, 7.995671e+03, 7.941390e+03, 7.999340e+03, 7.933642e+03, 7.953202e+03, 7.961880e+03, 7.979811e+03, 7.995172e+03, 7.975000e+03, 7.977339e+03, 7.986640e+03, 7.980576e+03, 7.975677e+03, 7.927399e+03, 7.999908e+03, 7.983860e+03 ],
        "seconds": [ 3.786278e+00, 3.226574e+00, 3.620559e+00, 2.687597e+00, 3.282372e+00, 2.944828e+00, 3.343536e+00, 2.740164e+00, 3.886503e+00, 3.776884e+00, 3.584648e+00, 3.749627e+00, 3.585430e+00, 3.207036e+00, 2.802296e+00, 2.999514e+00, 3.458606e+00, 3.437292e+00, 3.096927e+00, 2.964517e+00, 2.437795e+00, 3.146210e+00, 3.303109e+00, 2.875806e+00, 3.320809e+00, 3.489216e+00, 3.468530e+00, 3.974579e+00, 2.993681e+00, 2.906237e+00, 2.195284e+01, 3.181950e+00, 3.251795e+00, 2.797473e+00, 2.923107e+00, 3.208468e+00, 2.733472e+00, 3.648238e+00, 3.797894e+00, 2.894137e+00, 4.259817e+00, 5.821022e+00, 5.489316e+00, 2.870496e+00, 3.207083e+00, 3.155962e+00, 2.661228e+00, 2.759389e+00, 3.620721e+00, 3.171466e+00, 2.670057e+00, 3.212130e+00, 3.126362e+00, 3.864326e+00, 2.968908e+00, 3.819718e+00, 2.856182e+00, 3.261151e+00, 3.168138e+00, 3.338174e+00, 2.629969e+00, 2.719251e+00, 3.740561e+00, 3.839496e+00, 3.281314e+00, 3.628022e+00, 2.743090e+00, 2.834382e+00, 3.181419e+00, 3.756820e+00, 2.620557e+00, 3.606053e+00, 3.328126e+00, 3.395862e+00, 4.208342e+00, 4.007227e+00, 3.157360e+00, 3.530612e+00, 3.193749e+00, 3.074153e+00, 3.209341e+00, 4.257448e+00, 3.060421e+00, 3.352327e+00, 3.139305e+00, 2.997448e+00, 3.621217e+00, 3.013286e+00, 3.972649e+00, 6.765647e+00, 2.692814e+00, 3.420899e+00, 2.703646e+00, 3.774232e+00, 4.008213e+00, 2.889466e+00, 3.137865e+00, 3.546105e+00, 3.589761e+00, 2.978721e+00 ],
        "cycles": [ 8688214149, 7403883920, 8307945646, 6167115586, 7531922207, 6757372519, 7672271538, 6287737808, 8918195528, 8666655879, 8225540006, 8604110362, 8227334620, 7359050076, 6430308804, 6882856538, 7936314725, 7887406759, 7106386218, 6802551225, 5593902258, 7219473426, 7579502692, 6598987390, 7620118164, 8006553727, 7959086243, 9120294856, 6869469316, 6668817373, 50374232663, 7301480557, 7461752081, 6419238647, 6707525475, 7362330938, 6272378237, 8371452805, 8714859895, 6641049173, 9774813929, 13357243765, 12596092667, 6586801293, 7359151668, 7241847083, 6106601909, 6331846492, 8308308276, 7277422887, 6126861839, 7370732375, 7173923829, 8867297743, 6812620940, 8764935770, 6553954022, 7483216953, 7269784484, 7659959378, 6034870745, 6239743250, 8583297860, 8810319097, 7529483100, 8325059397, 6294444791, 6503928002, 7300258062, 8620606333, 6013274055, 8274647323, 7636900307, 7792330209, 9656691680, 9195201116, 7245049805, 8101535373, 7328550078, 7054118950, 7364328614, 9769372631, 7022609112, 7692432084, 7203619234, 6878107398, 8309441075, 6914449403, 9115855613, 15524822636, 6179076602, 7849779975, 6203932945, 8660556392, 9197462011, 6630323364, 7200315310, 8137085217, 8237258542, 6835132336 ],
        "iterations": [ 85, 71, 84, 59, 72, 70, 78, 62, 92, 89, 85, 89, 83, 76, 66, 71, 81, 81, 73, 70, 53, 70, 77, 68, 79, 82, 81, 94, 71, 69, 533, 75, 77, 66, 69, 76, 60, 82, 86, 68, 101, 140, 132, 68, 76, 75, 63, 65, 86, 74, 63, 75, 74, 91, 67, 89, 63, 77, 75, 79, 61, 64, 88, 91, 78, 86, 65, 67, 75, 89, 62, 86, 79, 80, 95, 95, 70, 74, 71, 70, 69, 96, 72, 75, 70, 71, 81, 69, 91, 158, 64, 81, 64, 85, 88, 65, 69, 81, 83, 70 ]
    }
}
