{
    "metadata": {
        "datetime": "2025-05-14T07_20_53.293Z",
        "problem": "berlin52",
        "solver": "CPU Parallel Genetic Solver",
        "n": 52,
        "executions": 5,
        "cutoff": 8.000000e+03,
        "hit_percent": 1.000000e+00,
        "machine": "hp"
    },
    "best_solution": {
        "route": [ 38, 5, 15, 6, 24, 48, 37, 40, 4, 25, 12, 28, 27, 26, 47, 14, 13, 52, 11, 51, 33, 43, 10, 9, 8, 41, 19, 45, 3, 18, 32, 49, 1, 22, 31, 21, 17, 7, 2, 42, 30, 23, 20, 50, 29, 16, 46, 44, 34, 35, 36, 39 ],
        "cost": 7.936412e+03,
        "idx": 3
    },
    "stats": {
        "cost": {
            "avg": 7.969765e+03,
            "stdev": 2.556897e+01,
            "min": 7.936412e+03,
            "max": 7.993723e+03
        },
        "seconds": {
            "avg": 4.356094e-01,
            "stdev": 6.763544e-02,
            "min": 3.469646e-01,
            "max": 5.029854e-01
        },
        "cycles": {
            "avg": 9.995633e+08,
            "stdev": 1.551986e+08,
            "min": 796155812,
            "max": 1154166638
        },
        "iterations": {
            "avg": 8.200000e+01,
            "stdev": 1.276715e+01,
            "min": 65,
            "max": 95
        }
    },
    "raw_metrics": {
        "costs": [ 7.991917e+03, 7.993723e+03, 7.950035e+03, 7.936412e+03, 7.976740e+03 ],
        "seconds": [ 4.306733e-01, 5.013097e-01, 5.029854e-01, 3.469646e-01, 3.961141e-01 ],
        "cycles": [ 988236697, 1150321502, 1154166638, 796155812, 908935967 ],
        "iterations": [ 81, 94, 95, 65, 75 ]
    }
}
