{
    "metadata": {
        "datetime": "2025-05-13T12_32_03.224Z",
        "problem": "berlin52",
        "solver": "GPU Parallel Genetic Solver",
        "n": 52,
        "executions": 30,
        "cutoff": 0.000000e+00,
        "hit_percent": 0.000000e+00,
        "machine": "WallE"
    },
    "best_solution": {
        "route": [ 41, 8, 9, 10, 43, 33, 51, 11, 52, 14, 13, 47, 26, 27, 28, 12, 25, 4, 6, 15, 5, 24, 48, 38, 37, 40, 39, 36, 35, 34, 44, 46, 16, 29, 50, 20, 23, 30, 2, 7, 42, 21, 17, 3, 18, 31, 22, 1, 49, 32, 45, 19 ],
        "cost": 7.544365e+03,
        "idx": 0
    },
    "stats": {
        "cost": {
            "avg": 7.678695e+03,
            "stdev": 1.980051e+02,
            "min": 7.544365e+03,
            "max": 8.223637e+03
        },
        "seconds": {
            "avg": 8.818763e+00,
            "stdev": 3.286428e-02,
            "min": 8.735415e+00,
            "max": 8.867067e+00
        },
        "cycles": {
            "avg": 3.264872e+10,
            "stdev": 1.216698e+08,
            "min": 32340148584,
            "max": 32827549746
        },
        "iterations": {
            "avg": 1.000000e+04,
            "stdev": 0.000000e+00,
            "min": 10000,
            "max": 10000
        }
    },
    "raw_metrics": {
        "costs": [ 7.544365e+03, 7.544365e+03, 7.544365e+03, 7.954068e+03, 7.544365e+03, 7.544365e+03, 7.816426e+03, 8.001243e+03, 7.742646e+03, 7.816426e+03, 7.544365e+03, 7.544365e+03, 7.544365e+03, 7.544365e+03, 7.544365e+03, 7.544365e+03, 7.544365e+03, 7.797284e+03, 7.544365e+03, 8.223637e+03, 7.544365e+03, 7.544365e+03, 7.955016e+03, 7.544365e+03, 7.544365e+03, 7.756553e+03, 7.992458e+03, 7.962147e+03, 7.544365e+03, 7.544365e+03 ],
        "seconds": [ 8.835418e+00, 8.820323e+00, 8.776111e+00, 8.735415e+00, 8.790227e+00, 8.775648e+00, 8.827515e+00, 8.772541e+00, 8.856799e+00, 8.838950e+00, 8.784038e+00, 8.816550e+00, 8.832975e+00, 8.849508e+00, 8.850147e+00, 8.815129e+00, 8.843901e+00, 8.826157e+00, 8.803341e+00, 8.832365e+00, 8.835735e+00, 8.774300e+00, 8.835046e+00, 8.813999e+00, 8.829284e+00, 8.867067e+00, 8.771820e+00, 8.828168e+00, 8.863951e+00, 8.860464e+00 ],
        "cycles": [ 32710375818, 32654494142, 32490812555, 32340148584, 32543071372, 32489098974, 32681121572, 32477598346, 32789530342, 32723453729, 32520160482, 32640526192, 32701334062, 32762539858, 32764906524, 32635264684, 32741784499, 32676094331, 32591621230, 32699074228, 32711552140, 32484106022, 32709003204, 32631077618, 32687669972, 32827549746, 32474925700, 32683536846, 32816013376, 32803105106 ],
        "iterations": [ 10000, 10000, 10000, 10000, 10000, 10000, 10000, 10000, 10000, 10000, 10000, 10000, 10000, 10000, 10000, 10000, 10000, 10000, 10000, 10000, 10000, 10000, 10000, 10000, 10000, 10000, 10000, 10000, 10000, 10000 ]
    }
}
