{
    "metadata": {
        "datetime": "2025-05-14T03_26_58.986Z",
        "problem": "berlin52",
        "solver": "CPU Parallel Genetic Solver",
        "n": 52,
        "executions": 1,
        "cutoff": 8.000000e+03,
        "hit_percent": 1.000000e+00,
        "machine": "hp"
    },
    "best_solution": {
        "route": [ 51, 33, 43, 10, 9, 8, 41, 19, 45, 32, 49, 36, 34, 39, 40, 37, 48, 24, 5, 46, 44, 16, 29, 50, 20, 23, 30, 21, 42, 2, 7, 17, 3, 18, 31, 22, 1, 35, 38, 15, 6, 4, 25, 12, 28, 27, 26, 47, 13, 14, 52, 11 ],
        "cost": 7.963603e+03,
        "idx": 0
    },
    "stats": {
        "cost": {
            "avg": 7.963603e+03,
            "stdev": -nan,
            "min": 7.963603e+03,
            "max": 7.963603e+03
        },
        "seconds": {
            "avg": 3.399367e-01,
            "stdev": -nan,
            "min": 3.399367e-01,
            "max": 3.399367e-01
        },
        "cycles": {
            "avg": 7.800330e+08,
            "stdev": -nan,
            "min": 780032950,
            "max": 780032950
        },
        "iterations": {
            "avg": 6.300000e+01,
            "stdev": -nan,
            "min": 63,
            "max": 63
        }
    },
    "raw_metrics": {
        "costs": [ 7.963603e+03 ],
        "seconds": [ 3.399367e-01 ],
        "cycles": [ 780032950 ],
        "iterations": [ 63 ]
    }
}
