{
    "metadata": {
        "datetime": "2025-05-11T17_28_28.736Z",
        "problem": "berlin52",
        "solver": "GPU Parallel Genetic Solver",
        "n": 52,
        "executions": 50,
        "cutoff": 8.000000e+03,
        "hit_percent": 9.800000e-01,
        "machine": "WallE"
    },
    "best_solution": {
        "route": [ 23, 20, 50, 16, 29, 30, 2, 7, 42, 21, 17, 3, 45, 19, 41, 8, 9, 10, 43, 33, 51, 11, 52, 14, 13, 47, 26, 27, 28, 12, 25, 4, 6, 5, 24, 48, 37, 39, 40, 38, 15, 46, 44, 34, 35, 36, 49, 32, 1, 22, 18, 31 ],
        "cost": 7.815187e+03,
        "idx": 35
    },
    "stats": {
        "cost": {
            "avg": 7.972663e+03,
            "stdev": 4.329486e+01,
            "min": 7.815187e+03,
            "max": 8.136310e+03
        },
        "seconds": {
            "avg": 4.442961e-01,
            "stdev": 1.368776e+00,
            "min": 9.667114e-02,
            "max": 8.786881e+00
        },
        "cycles": {
            "avg": 1.644864e+09,
            "stdev": 5.067466e+09,
            "min": 357892568,
            "max": 32530687043
        },
        "iterations": {
            "avg": 4.825000e+02,
            "stdev": 1.560958e+03,
            "min": 95,
            "max": 10000
        }
    },
    "raw_metrics": {
        "costs": [ 7.994788e+03, 7.996019e+03, 7.928520e+03, 7.993927e+03, 7.990086e+03, 7.955525e+03, 7.992458e+03, 7.989975e+03, 7.999904e+03, 7.984959e+03, 7.920304e+03, 7.998518e+03, 7.938290e+03, 7.985504e+03, 7.949263e+03, 7.997445e+03, 7.988987e+03, 7.993165e+03, 7.982754e+03, 7.990000e+03, 7.982766e+03, 7.989875e+03, 7.956331e+03, 7.999533e+03, 7.968926e+03, 7.984515e+03, 7.990371e+03, 7.922832e+03, 7.929275e+03, 7.858738e+03, 7.954784e+03, 7.990848e+03, 7.978929e+03, 7.992837e+03, 7.910204e+03, 7.815187e+03, 8.136310e+03, 7.989427e+03, 7.953196e+03, 7.999138e+03, 7.995969e+03, 7.976786e+03, 7.980528e+03, 7.955867e+03, 7.989627e+03, 7.961766e+03, 7.988426e+03, 7.983212e+03, 7.974194e+03, 7.952349e+03 ],
        "seconds": [ 3.114871e-01, 1.548228e-01, 1.463787e-01, 1.213446e-01, 9.667114e-02, 1.108090e-01, 9.024109e-01, 1.271788e-01, 1.499697e-01, 1.148217e-01, 1.224457e-01, 1.150823e-01, 1.971650e-01, 1.146052e-01, 2.466607e-01, 1.819209e-01, 2.150469e-01, 1.988578e-01, 2.387350e-01, 1.064788e-01, 1.645159e-01, 1.410169e-01, 1.723649e-01, 1.945688e-01, 1.188704e-01, 2.046888e-01, 2.056851e-01, 1.349774e-01, 1.166497e-01, 5.758197e-01, 1.116890e-01, 1.060785e-01, 1.315051e-01, 1.545974e-01, 2.319665e-01, 4.691653e+00, 8.786881e+00, 1.551897e-01, 1.404120e-01, 4.163253e-01, 1.578465e-01, 1.034230e-01, 1.219500e-01, 1.264043e-01, 1.162720e-01, 1.379181e-01, 1.352840e-01, 1.332179e-01, 1.356549e-01, 1.184842e-01 ],
        "cycles": [ 1153179882, 573180555, 541919065, 449237273, 357892568, 410233697, 3340892881, 470837326, 555212257, 425085382, 453313223, 426052764, 729935851, 424286238, 913180890, 673503042, 796140805, 736205128, 883838653, 394200947, 609064554, 522065313, 638124699, 720328097, 440078009, 757792821, 761480643, 499709220, 431855505, 2131787250, 413490150, 392719958, 486850828, 572343692, 858777236, 17369383156, 32530687043, 574539344, 519829502, 1541311969, 584373692, 382888280, 451477448, 467965971, 430457374, 510596258, 500842729, 493195108, 502213133, 438644863 ],
        "iterations": [ 156, 155, 147, 120, 95, 109, 997, 128, 151, 113, 121, 113, 199, 111, 260, 183, 222, 204, 248, 104, 168, 140, 176, 198, 116, 213, 209, 134, 117, 630, 110, 105, 131, 156, 235, 5325, 10000, 154, 142, 452, 158, 99, 121, 126, 116, 138, 136, 132, 135, 117 ]
    }
}
