{
    "metadata": {
        "datetime": "2025-05-13T12_54_32.252Z",
        "problem": "lin105",
        "solver": "GPU Parallel Genetic Solver",
        "n": 105,
        "executions": 30,
        "cutoff": 0.000000e+00,
        "hit_percent": 0.000000e+00,
        "machine": "WallE"
    },
    "best_solution": {
        "route": [ 78, 71, 68, 67, 64, 72, 77, 79, 86, 80, 76, 73, 81, 75, 74, 69, 70, 63, 62, 105, 59, 56, 55, 50, 48, 45, 49, 40, 104, 44, 47, 51, 54, 57, 58, 53, 52, 46, 43, 41, 42, 37, 36, 26, 25, 18, 17, 16, 27, 24, 19, 12, 20, 23, 28, 33, 32, 31, 30, 29, 22, 21, 103, 15, 11, 10, 7, 6, 2, 1, 3, 8, 9, 5, 4, 13, 14, 34, 35, 38, 39, 60, 61, 65, 66, 87, 88, 94, 95, 100, 99, 98, 90, 89, 93, 102, 101, 97, 96, 92, 91, 85, 84, 83, 82 ],
        "cost": 1.438299e+04,
        "idx": 3
    },
    "stats": {
        "cost": {
            "avg": 1.467861e+04,
            "stdev": 2.443731e+02,
            "min": 1.438299e+04,
            "max": 1.522134e+04
        },
        "seconds": {
            "avg": 2.129922e+01,
            "stdev": 5.220671e-02,
            "min": 2.120149e+01,
            "max": 2.141791e+01
        },
        "cycles": {
            "avg": 7.885373e+10,
            "stdev": 1.932787e+08,
            "min": 78491916656,
            "max": 79293115392
        },
        "iterations": {
            "avg": 1.000000e+04,
            "stdev": 0.000000e+00,
            "min": 10000,
            "max": 10000
        }
    },
    "raw_metrics": {
        "costs": [ 1.440612e+04, 1.442907e+04, 1.522134e+04, 1.438299e+04, 1.455836e+04, 1.504179e+04, 1.442907e+04, 1.440612e+04, 1.491246e+04, 1.486222e+04, 1.460643e+04, 1.491232e+04, 1.468320e+04, 1.440612e+04, 1.493375e+04, 1.449768e+04, 1.458698e+04, 1.452080e+04, 1.477973e+04, 1.498259e+04, 1.438299e+04, 1.449558e+04, 1.468670e+04, 1.462706e+04, 1.445219e+04, 1.480471e+04, 1.494311e+04, 1.446940e+04, 1.494291e+04, 1.499459e+04 ],
        "seconds": [ 2.127144e+01, 2.128132e+01, 2.131066e+01, 2.130489e+01, 2.135249e+01, 2.124985e+01, 2.129542e+01, 2.141791e+01, 2.133368e+01, 2.140192e+01, 2.134587e+01, 2.123512e+01, 2.127876e+01, 2.124481e+01, 2.121870e+01, 2.127843e+01, 2.136974e+01, 2.134003e+01, 2.127162e+01, 2.125626e+01, 2.128131e+01, 2.128234e+01, 2.120149e+01, 2.124633e+01, 2.128467e+01, 2.131605e+01, 2.127590e+01, 2.135111e+01, 2.131743e+01, 2.136111e+01 ],
        "cycles": [ 78750857230, 78787430086, 78896088222, 78874692328, 79050928278, 78670925151, 78839667577, 79293115392, 78981305084, 79233942516, 79026428140, 78616398568, 78777985448, 78652284874, 78555611158, 78776758678, 79114803506, 79004792658, 78751554994, 78694688814, 78787422454, 78791208542, 78491916656, 78657903465, 78799859195, 78916030769, 78767382038, 79045835808, 78921136930, 79082859334 ],
        "iterations": [ 10000, 10000, 10000, 10000, 10000, 10000, 10000, 10000, 10000, 10000, 10000, 10000, 10000, 10000, 10000, 10000, 10000, 10000, 10000, 10000, 10000, 10000, 10000, 10000, 10000, 10000, 10000, 10000, 10000, 10000 ]
    }
}
