{
    "metadata": {
        "datetime": "2025-05-14T03_27_09.622Z",
        "problem": "berlin52",
        "solver": "CPU Parallel Genetic Solver",
        "n": 52,
        "executions": 2,
        "cutoff": 8.000000e+03,
        "hit_percent": 1.000000e+00,
        "machine": "hp"
    },
    "best_solution": {
        "route": [ 30, 2, 7, 42, 21, 17, 3, 18, 31, 22, 1, 49, 32, 45, 19, 41, 8, 9, 10, 43, 33, 51, 11, 27, 13, 52, 14, 47, 26, 28, 12, 25, 4, 6, 15, 5, 24, 48, 46, 34, 35, 36, 37, 38, 40, 39, 44, 16, 29, 50, 20, 23 ],
        "cost": 7.959451e+03,
        "idx": 0
    },
    "stats": {
        "cost": {
            "avg": 7.976666e+03,
            "stdev": 2.434581e+01,
            "min": 7.959451e+03,
            "max": 7.993881e+03
        },
        "seconds": {
            "avg": 3.807630e-01,
            "stdev": 6.608133e-02,
            "min": 3.340364e-01,
            "max": 4.274895e-01
        },
        "cycles": {
            "avg": 8.737145e+08,
            "stdev": 1.516332e+08,
            "min": 766493658,
            "max": 980935395
        },
        "iterations": {
            "avg": 7.250000e+01,
            "stdev": 1.484924e+01,
            "min": 62,
            "max": 83
        }
    },
    "raw_metrics": {
        "costs": [ 7.959451e+03, 7.993881e+03 ],
        "seconds": [ 4.274895e-01, 3.340364e-01 ],
        "cycles": [ 980935395, 766493658 ],
        "iterations": [ 83, 62 ]
    }
}
