{
    "metadata": {
        "datetime": "2025-05-14T03_29_49.471Z",
        "problem": "berlin52",
        "solver": "CPU Parallel Genetic Solver",
        "n": 52,
        "executions": 1,
        "cutoff": 8.000000e+03,
        "hit_percent": 1.000000e+00,
        "machine": "hp"
    },
    "best_solution": {
        "route": [ 15, 48, 37, 34, 35, 36, 44, 46, 25, 12, 28, 27, 26, 47, 13, 14, 52, 11, 51, 33, 43, 10, 9, 8, 41, 19, 45, 3, 17, 21, 42, 7, 2, 30, 29, 16, 50, 20, 23, 31, 18, 22, 32, 49, 1, 39, 40, 38, 24, 5, 6, 4 ],
        "cost": 7.983900e+03,
        "idx": 0
    },
    "stats": {
        "cost": {
            "avg": 7.983900e+03,
            "stdev": -nan,
            "min": 7.983900e+03,
            "max": 7.983900e+03
        },
        "seconds": {
            "avg": 4.448585e-01,
            "stdev": -nan,
            "min": 4.448585e-01,
            "max": 4.448585e-01
        },
        "cycles": {
            "avg": 1.020750e+09,
            "stdev": -nan,
            "min": 1020749677,
            "max": 1020749677
        },
        "iterations": {
            "avg": 8.600000e+01,
            "stdev": -nan,
            "min": 86,
            "max": 86
        }
    },
    "raw_metrics": {
        "costs": [ 7.983900e+03 ],
        "seconds": [ 4.448585e-01 ],
        "cycles": [ 1020749677 ],
        "iterations": [ 86 ]
    }
}
