{
    "metadata": {
        "datetime": "2025-05-14T07_19_30.143Z",
        "problem": "berlin52",
        "solver": "CPU Parallel Genetic Solver",
        "n": 52,
        "executions": 5,
        "cutoff": 8.000000e+03,
        "hit_percent": 8.000000e-01,
        "machine": "hp"
    },
    "best_solution": {
        "route": [ 39, 34, 44, 16, 29, 50, 20, 23, 30, 7, 2, 42, 21, 17, 3, 18, 31, 22, 1, 49, 32, 45, 19, 41, 8, 9, 10, 33, 43, 4, 25, 12, 51, 11, 52, 14, 13, 47, 26, 27, 28, 46, 48, 24, 5, 6, 15, 38, 37, 40, 35, 36 ],
        "cost": 7.974402e+03,
        "idx": 3
    },
    "stats": {
        "cost": {
            "avg": 7.991584e+03,
            "stdev": 1.575311e+01,
            "min": 7.974402e+03,
            "max": 8.012408e+03
        },
        "seconds": {
            "avg": 1.258239e+00,
            "stdev": 2.047445e+00,
            "min": 2.888976e-01,
            "max": 4.918589e+00
        },
        "cycles": {
            "avg": 2.887199e+09,
            "stdev": 4.698139e+09,
            "min": 662912990,
            "max": 11286368432
        },
        "iterations": {
            "avg": 2.516000e+02,
            "stdev": 4.185914e+02,
            "min": 54,
            "max": 1000
        }
    },
    "raw_metrics": {
        "costs": [ 7.998908e+03, 8.012408e+03, 7.994762e+03, 7.974402e+03, 7.977440e+03 ],
        "seconds": [ 2.888976e-01, 4.918589e+00, 3.075950e-01, 3.100323e-01, 4.660829e-01 ],
        "cycles": [ 662912990, 11286368432, 705816723, 711409554, 1069489043 ],
        "iterations": [ 54, 1000, 58, 58, 88 ]
    }
}
