{
    "metadata": {
        "datetime": "2025-06-10T14_05_17.068Z",
        "problem": "berlin52",
        "solver": "CPU Parallel Genetic Solver",
        "n": 52,
        "executions": 5,
        "cutoff": 8.000000e+03,
        "parallelism": 2,
        "hit_percent": 6.000000e-01,
        "machine": "hp"
    },
    "best_solution": {
        "route": [ 44, 16, 29, 50, 20, 23, 30, 42, 2, 7, 21, 17, 3, 18, 31, 22, 1, 49, 32, 45, 19, 41, 8, 9, 10, 33, 43, 15, 5, 24, 38, 40, 39, 35, 36, 34, 37, 48, 6, 4, 25, 12, 51, 11, 52, 14, 13, 47, 26, 27, 28, 46 ],
        "cost": 7.978090e+03,
        "idx": 0
    },
    "stats": {
        "cost": {
            "avg": 8.066363e+03,
            "stdev": 1.144037e+02,
            "min": 7.978090e+03,
            "max": 8.223637e+03
        },
        "seconds": {
            "avg": 5.268009e-01,
            "stdev": 4.956790e-01,
            "min": 1.394305e-01,
            "max": 1.075503e+00
        },
        "cycles": {
            "avg": 1.208841e+09,
            "stdev": 1.137428e+09,
            "min": 319947379,
            "max": 2467940405
        },
        "iterations": {
            "avg": 4.778000e+02,
            "stdev": 4.770731e+02,
            "min": 107,
            "max": 1000
        }
    },
    "raw_metrics": {
        "costs": [ 7.978090e+03, 8.153581e+03, 8.223637e+03, 7.985356e+03, 7.991152e+03 ],
        "seconds": [ 1.394305e-01, 1.063100e+00, 1.075503e+00, 1.967029e-01, 1.592686e-01 ],
        "cycles": [ 319947379, 2439479022, 2467940405, 451369741, 365469979 ],
        "iterations": [ 107, 1000, 1000, 159, 123 ]
    }
}
