{
    "metadata": {
        "datetime": "2025-05-13T21_56_04.900Z",
        "problem": "tsp225",
        "solver": "CPU Sequential Genetic Solver",
        "n": 225,
        "executions": 30,
        "cutoff": 4.193330e+03,
        "hit_percent": 9.000000e-01,
        "machine": "fedora"
    },
    "best_solution": {
        "route": [ 128, 127, 126, 165, 166, 167, 151, 152, 153, 154, 155, 156, 157, 159, 160, 161, 162, 163, 137, 136, 138, 139, 140, 141, 142, 201, 143, 144, 145, 146, 147, 148, 149, 150, 214, 212, 168, 125, 124, 123, 169, 170, 172, 176, 177, 178, 179, 180, 174, 181, 182, 173, 171, 122, 121, 111, 110, 112, 64, 62, 116, 223, 114, 113, 115, 118, 119, 175, 120, 184, 185, 186, 187, 117, 188, 27, 189, 47, 2, 207, 225, 190, 205, 191, 192, 196, 224, 199, 133, 49, 51, 57, 50, 52, 53, 54, 55, 56, 58, 59, 60, 61, 63, 66, 65, 106, 108, 109, 107, 105, 220, 104, 67, 68, 69, 70, 71, 72, 73, 74, 75, 76, 31, 216, 219, 217, 77, 29, 30, 202, 206, 32, 37, 38, 39, 40, 41, 42, 43, 44, 46, 45, 48, 193, 218, 194, 195, 197, 198, 200, 1, 3, 4, 5, 6, 7, 8, 9, 10, 11, 12, 13, 14, 15, 16, 17, 18, 19, 203, 20, 21, 22, 23, 24, 208, 36, 25, 26, 34, 33, 35, 204, 28, 79, 78, 97, 98, 99, 100, 101, 102, 103, 89, 88, 90, 91, 92, 94, 93, 96, 209, 95, 80, 81, 221, 83, 82, 85, 86, 84, 210, 87, 130, 211, 131, 132, 215, 134, 135, 183, 158, 213, 164, 129, 222 ],
        "cost": 4.171670e+03,
        "idx": 10
    },
    "stats": {
        "cost": {
            "avg": 4.190552e+03,
            "stdev": 1.538084e+01,
            "min": 4.171670e+03,
            "max": 4.252752e+03
        },
        "seconds": {
            "avg": 5.385269e+01,
            "stdev": 4.766084e+01,
            "min": 2.575899e+00,
            "max": 1.411994e+02
        },
        "cycles": {
            "avg": 1.182522e+11,
            "stdev": 1.046558e+11,
            "min": 5656275944,
            "max": 310052318532
        },
        "iterations": {
            "avg": 3.086790e+04,
            "stdev": 2.728473e+04,
            "min": 1443,
            "max": 80000
        }
    },
    "raw_metrics": {
        "costs": [ 4.191191e+03, 4.186494e+03, 4.190518e+03, 4.192108e+03, 4.252752e+03, 4.227207e+03, 4.181409e+03, 4.198982e+03, 4.183342e+03, 4.191520e+03, 4.171670e+03, 4.189942e+03, 4.192590e+03, 4.174743e+03, 4.193168e+03, 4.179905e+03, 4.173317e+03, 4.183616e+03, 4.190822e+03, 4.188983e+03, 4.173591e+03, 4.187699e+03, 4.191089e+03, 4.190393e+03, 4.192792e+03, 4.192581e+03, 4.186522e+03, 4.189500e+03, 4.191825e+03, 4.186298e+03 ],
        "seconds": [ 9.256442e+01, 1.317650e+01, 3.949062e+01, 1.819375e+01, 1.395847e+02, 1.404959e+02, 3.253232e+01, 1.411994e+02, 1.175432e+02, 1.228499e+02, 4.471880e+01, 6.383287e+01, 5.567655e+01, 7.817122e+00, 4.433353e+00, 2.804112e+01, 1.763395e+01, 5.322402e+01, 1.086513e+02, 2.575899e+00, 1.047290e+02, 4.157975e+00, 8.628376e+00, 2.124333e+01, 1.409612e+01, 1.002734e+02, 6.673352e+01, 4.323691e+01, 4.747990e+00, 3.498388e+00 ],
        "cycles": [ 203256722394, 28933482204, 86715112066, 39950574246, 306505999910, 308507413764, 71435978042, 310052318532, 258106764916, 269759524958, 98195626628, 140167192638, 122257164370, 17165195674, 9734960422, 61573988454, 38721451120, 116871781884, 238581490312, 5656275944, 229968678566, 9130257884, 18946555826, 46647022510, 30952859410, 220184682652, 146536342392, 94941477532, 10425839225, 7681909334 ],
        "iterations": [ 52617, 7460, 22662, 10339, 80000, 80000, 18661, 80000, 67323, 70083, 25439, 36754, 31693, 4461, 2531, 16043, 10089, 30577, 62225, 1443, 59872, 2375, 4983, 12125, 8185, 59778, 38941, 24700, 2703, 1975 ]
    }
}
